{
    "CompUnits": {
        "Emx8S_d": {
            "archive": "archive.4/_88329_archive_1.a",
            "mod": "top",
            "out": "Emx8S_d.o",
            "bytes": 16816,
            "text": 4300,
            "checksum": 0,
            "mode": 4
        }
    },
    "Modules": {
        "...MASTER...": {
            "start_perf": [
                0.56944680213928223,
                0.182611,
                0.22272700000000001,
                295928,
                377640,
                1659182292.3975599,
                480987894982915
            ],
            "child_modules": {
                "top": 1,
                "std": 1
            },
            "nRouts": 5,
            "end_perf": [
                0.5841529369354248,
                0.18709400000000001,
                0.22451299999999999,
                297336,
                377640,
                480987933189473,
                0,
                0
            ],
            "nQuads": 0,
            "nMops": 0
        },
        "top": {
            "start_perf": [
                0.59450197219848633,
                0.196356,
                0.22559999999999999,
                297336,
                377640,
                1659182292.4226151,
                480987959939799
            ],
            "child_modules": {},
            "Compiled": "Yes",
            "nRouts": 31,
            "end_perf": [
                0.62139892578125,
                0.22026999999999999,
                0.22858200000000001,
                302912,
                377640,
                480988029810283,
                17179869185,
                0
            ],
            "Compiled Times": 5,
            "nQuads": 436,
            "nMops": 766
        },
        "std": {
            "svclass": [
                "$vcs_nba_dyn_obj",
                0,
                35,
                2,
                2,
                0,
                "sigprop$$",
                0,
                35,
                2,
                2,
                0,
                "process",
                0,
                200,
                8,
                8,
                0,
                "event",
                0,
                34,
                2,
                2,
                0,
                "mailbox",
                0,
                140,
                9,
                9,
                0,
                "semaphore",
                0,
                84,
                5,
                5,
                0
            ],
            "start_perf": [
                0.58442401885986328,
                0.18721699999999999,
                0.224661,
                297336,
                377640,
                1659182292.4125371,
                480987933833553
            ],
            "child_modules": {},
            "Compiled": "Yes",
            "end_perf": [
                0.59434199333190918,
                0.19628000000000001,
                0.22551399999999999,
                297336,
                377640,
                480987959646995,
                8589934594,
                0
            ],
            "nRouts": 33,
            "Compiled Times": 5,
            "nQuads": 218,
            "nMops": 528
        }
    },
    "stat": {
        "ru_childs_end": {
            "ru_stime_sec": 0.090402999999999997,
            "ru_utime_sec": 0.054373999999999999,
            "ru_minflt": 5423,
            "ru_maxrss_kb": 113140,
            "ru_majflt": 0,
            "ru_nvcsw": 27,
            "ru_nivcsw": 18
        },
        "ru_self_end": {
            "ru_stime_sec": 0.248032,
            "ru_utime_sec": 0.22736300000000001,
            "ru_minflt": 12857,
            "ru_maxrss_kb": 118824,
            "ru_majflt": 0,
            "ru_nvcsw": 56,
            "ru_nivcsw": 10
        },
        "cpu_cycles_end": 480988098436503,
        "peak_mem_kb": 377640
    },
    "reusePaths": {
        "amcQw_d": {
            "icPath": "csrc"
        },
        "reYIK_d": {
            "icPath": "csrc"
        }
    },
    "ObjArchives": [
        {
            "archive": "archive.4/_88329_archive_1.a",
            "objects": [
                [
                    "Emx8S_d.o",
                    16816
                ],
                [
                    "amcQwB.o",
                    115432
                ]
            ],
            "size": 132248
        }
    ]
}